start,end,source_ip
2019-01-01 10:36:17.316668,2019-01-01 10:40:23.316668,47.229.53.68
2019-01-01 14:14:44.573287,2019-01-01 14:19:04.573287,88.55.2.156
2019-01-02 06:44:46.673457,2019-01-02 06:48:54.673457,32.150.142.59
2019-01-02 19:03:21.883320,2019-01-02 19:04:00.883320,116.250.82.112
2019-01-03 06:23:56.272496,2019-01-03 06:28:03.272496,51.13.196.111
2019-01-03 21:39:54.451223,2019-01-03 21:43:48.451223,128.221.188.143
2019-01-04 05:53:30.089637,2019-01-04 05:54:53.089637,81.63.48.167
2019-01-04 17:31:18.372335,2019-01-04 17:35:29.372335,122.118.255.223
2019-01-04 21:54:16.362855,2019-01-04 21:57:30.362855,46.119.66.179
2019-01-05 03:10:18.219617,2019-01-05 03:10:40.219617,215.29.13.21
2019-01-06 11:09:16.749674,2019-01-06 11:10:49.749674,81.169.193.182
2019-01-06 12:34:18.205999,2019-01-06 12:38:31.205999,161.64.194.154
2019-01-06 22:02:24.641990,2019-01-06 22:06:28.641990,139.229.36.176
2019-01-07 14:39:45.767797,2019-01-07 14:43:18.767797,1.129.142.233
2019-01-07 19:53:26.202106,2019-01-07 19:57:37.202106,231.70.207.7
2019-01-07 23:53:16.905623,2019-01-07 23:57:25.905623,121.162.202.70
2019-01-08 05:18:01.665829,2019-01-08 05:21:37.665829,121.3.146.93
2019-01-08 23:38:08.017168,2019-01-08 23:42:07.017168,172.255.234.147
2019-01-10 06:40:51.420267,2019-01-10 06:42:19.420267,73.111.145.64
2019-01-11 06:34:28.458005,2019-01-11 06:35:38.458005,158.197.202.226
2019-01-11 09:24:17.192760,2019-01-11 09:28:32.192760,128.65.124.14
2019-01-11 11:50:05.375670,2019-01-11 11:54:16.375670,169.126.206.66
2019-01-12 07:48:14.607005,2019-01-12 07:52:30.607005,17.124.94.240
2019-01-12 14:12:54.785097,2019-01-12 14:17:10.785097,24.33.232.202
2019-01-13 22:05:14.626905,2019-01-13 22:09:25.626905,62.38.152.194
2019-01-13 23:03:05.703815,2019-01-13 23:07:21.703815,102.172.46.90
2019-01-14 23:56:35.807424,2019-01-14 23:56:37.807424,37.110.47.11
2019-01-15 11:00:04.367951,2019-01-15 11:02:02.367951,97.32.235.17
2019-01-16 12:19:27.734671,2019-01-16 12:20:44.734671,208.33.83.223
2019-01-16 18:34:44.942257,2019-01-16 18:38:55.942257,32.74.140.89
2019-01-17 08:08:13.886933,2019-01-17 08:12:22.886933,50.14.140.229
2019-01-17 11:59:28.576644,2019-01-17 12:03:21.576644,142.236.80.23
2019-01-18 02:31:37.724809,2019-01-18 02:35:46.724809,146.30.133.92
2019-01-19 09:56:53.395544,2019-01-19 10:01:00.395544,100.156.212.222
2019-01-19 10:53:18.978248,2019-01-19 10:54:40.978248,195.35.151.215
2019-01-19 12:42:40.983814,2019-01-19 12:44:31.983814,116.180.57.226
2019-01-19 13:47:38.441595,2019-01-19 13:51:50.441595,111.193.18.4
2019-01-22 04:32:52.219245,2019-01-22 04:34:46.219245,194.122.166.1
2019-01-22 06:59:46.848792,2019-01-22 07:03:57.848792,173.41.27.162
2019-01-22 20:38:04.263106,2019-01-22 20:42:15.263106,148.114.209.61
2019-01-22 21:43:43.709036,2019-01-22 21:47:52.709036,43.66.182.244
2019-01-24 05:01:30.494131,2019-01-24 05:05:46.494131,41.82.0.86
2019-01-24 09:38:41.980250,2019-01-24 09:42:54.980250,120.57.29.10
2019-01-24 13:10:53.573122,2019-01-24 13:15:09.573122,100.35.83.183
2019-01-25 22:11:55.949949,2019-01-25 22:14:37.949949,217.125.108.186
2019-01-27 05:07:24.058723,2019-01-27 05:10:32.058723,190.32.225.119
2019-01-27 08:52:56.211224,2019-01-27 08:55:11.211224,79.184.73.129
2019-01-28 23:21:10.734137,2019-01-28 23:23:00.734137,203.150.117.249
2019-01-29 06:29:51.258747,2019-01-29 06:34:06.258747,104.132.184.203
2019-01-29 18:53:34.348611,2019-01-29 18:57:46.348611,198.149.159.179
2019-01-29 23:21:05.027124,2019-01-29 23:25:13.027124,101.13.16.26
